ID,Description,setSize,enrichmentScore,NES,pvalue,FDR_corrected_p,BY_corrected_p
GO:0044092,negative regulation of molecular function,30,-0.47709241473498065,-1.78702719182421,0.005461803835919961,0.5894591407410213,1
GO:0043086,negative regulation of catalytic activity,29,-0.48153612067973295,-1.7798908397923197,0.005985767311492993,0.5894591407410213,1
GO:0051346,negative regulation of hydrolase activity,20,-0.5193728471238725,-1.7562467386656404,0.006336357573493185,0.5894591407410213,1
GO:0050790,regulation of catalytic activity,47,-0.41079108500299266,-1.7284704797079284,0.006974929405712609,0.5894591407410213,1
GO:0071103,DNA conformation change,23,-0.5040092368375748,-1.7683056286598535,0.00822332651640475,0.5894591407410213,1
GO:0006996,organelle organization,81,-0.3527985003332304,-1.5970223249048863,0.008682374803688433,0.5894591407410213,1
GO:0009636,response to toxic substance,12,0.6135928834994926,1.9062870560222842,0.0093268039086473,0.5894591407410213,1
GO:0006334,nucleosome assembly,20,-0.500870590394975,-1.6936818044030475,0.010273411802583333,0.5894591407410213,1
GO:0006323,DNA packaging,22,-0.4805741628662126,-1.667840117810274,0.015133056264706516,0.5894591407410213,1
GO:0097237,cellular response to toxic substance,11,0.599828577202405,1.8063829380927556,0.016200779766666548,0.5894591407410213,1
GO:0098754,detoxification,11,0.599828577202405,1.8063829380927556,0.016200779766666548,0.5894591407410213,1
GO:0098869,cellular oxidant detoxification,11,0.599828577202405,1.8063829380927556,0.016200779766666548,0.5894591407410213,1
GO:1990748,cellular detoxification,11,0.599828577202405,1.8063829380927556,0.016200779766666548,0.5894591407410213,1
GO:0001934,positive regulation of protein phosphorylation,10,-0.6123797373605404,-1.6893349624600416,0.01999065608911575,0.6064483169997545,1
GO:0042327,positive regulation of phosphorylation,10,-0.6123797373605404,-1.6893349624600416,0.01999065608911575,0.6064483169997545,1
GO:0044087,regulation of cellular component biogenesis,18,0.48505047289294984,1.7220474521217395,0.020728866138515607,0.6064483169997545,1
GO:0006936,muscle contraction,10,-0.6085786334280888,-1.678849086822301,0.021796239723035574,0.6064483169997545,1
GO:0051336,regulation of hydrolase activity,28,-0.4363300977325289,-1.5923652162648143,0.025627415352538412,0.6734315256528149,1
GO:0034728,nucleosome organization,21,-0.47422833909405404,-1.6110453475096458,0.02831538801765807,0.7049041332816983,1
GO:0010951,negative regulation of endopeptidase activity,15,-0.5259248253694664,-1.6607679107675895,0.035688308487055086,0.7627555956911566,1
GO:0003012,muscle system process,12,-0.5548670585196521,-1.6159873088338756,0.03842471277255646,0.7627555956911566,1
GO:0070887,cellular response to chemical stimulus,49,0.3041021360232503,1.4219667847590902,0.04155755039890929,0.7627555956911566,1
GO:0006082,organic acid metabolic process,27,-0.42476266726297435,-1.5540519649026534,0.04213938411669368,0.7627555956911566,1
GO:0019752,carboxylic acid metabolic process,27,-0.42476266726297435,-1.5540519649026534,0.04213938411669368,0.7627555956911566,1
GO:0043436,oxoacid metabolic process,27,-0.42476266726297435,-1.5540519649026534,0.04213938411669368,0.7627555956911566,1
GO:0010466,negative regulation of peptidase activity,16,-0.4921814219518771,-1.5720673426548366,0.044596912521440824,0.7627555956911566,1
GO:0042255,ribosome assembly,10,-0.5666767695486009,-1.563256947949514,0.04482758620689655,0.7627555956911566,1
GO:0031497,chromatin assembly,21,-0.4529726505116976,-1.5388356641656742,0.050867008789536754,0.7627555956911566,1
GO:0065004,protein-DNA complex assembly,21,-0.4529726505116976,-1.5388356641656742,0.050867008789536754,0.7627555956911566,1
GO:0065009,regulation of molecular function,55,-0.3343250890595026,-1.4349769230796803,0.053811659192825115,0.7627555956911566,1
GO:0071824,protein-DNA complex subunit organization,23,-0.425973914767798,-1.494520370048134,0.054009819967266774,0.7627555956911566,1
GO:0044248,cellular catabolic process,30,0.3638753623390899,1.4921529593089786,0.05515432541979266,0.7627555956911566,1
GO:0032269,negative regulation of cellular protein metabolic process,25,-0.40842676562711466,-1.459014366441988,0.05601317957166392,0.7627555956911566,1
GO:0016310,phosphorylation,30,-0.3927918423040847,-1.4712656945385316,0.056782334384858045,0.7627555956911566,1
GO:0006333,chromatin assembly or disassembly,22,-0.4293957979513844,-1.49022480520212,0.05756578947368421,0.7627555956911566,1
GO:0040007,growth,15,0.4637632958632976,1.5476366897040643,0.059327788680606106,0.7627555956911566,1
GO:0098609,cell-cell adhesion,17,0.42726958322905717,1.4958524864127103,0.059665871121718374,0.7627555956911566,1
GO:0043085,positive regulation of catalytic activity,21,-0.4354419131354652,-1.479280360190491,0.06333333333333334,0.7883333333333334,1
GO:0007155,cell adhesion,25,0.3600964207113184,1.4170320518352688,0.07088607594936709,0.7917264466762316,1
GO:0022610,biological adhesion,25,0.3600964207113184,1.4170320518352688,0.07088607594936709,0.7917264466762316,1
GO:0006979,response to oxidative stress,12,0.48604928711443895,1.5100394569942563,0.07159904534606205,0.7917264466762316,1
GO:0042221,response to chemical,59,0.27501543269081175,1.3348799429597598,0.0764525993883792,0.7917264466762316,1
GO:0048608,reproductive structure development,14,-0.480496353802787,-1.4770667254591763,0.07692307692307693,0.7917264466762316,1
GO:0061458,reproductive system development,14,-0.480496353802787,-1.4770667254591763,0.07692307692307693,0.7917264466762316,1
GO:0043412,macromolecule modification,44,-0.3411614020423511,-1.413903315019191,0.0770392749244713,0.7917264466762316,1
GO:0032787,monocarboxylic acid metabolic process,20,-0.4234160253572145,-1.4317710634091332,0.08099173553719008,0.7917264466762316,1
GO:0051241,negative regulation of multicellular organismal process,24,-0.3963228500224152,-1.3938767585381207,0.08166666666666667,0.7917264466762316,1
GO:0034622,cellular protein-containing complex assembly,47,-0.32293330054515934,-1.3587945242358164,0.08395802098950525,0.7917264466762316,1
GO:1901566,organonitrogen compound biosynthetic process,50,-0.3259562461042879,-1.3728138200258104,0.08571428571428572,0.7917264466762316,1
GO:0001932,regulation of protein phosphorylation,15,-0.4426157220486042,-1.3976940287295767,0.08754208754208755,0.7917264466762316,1
GO:0034330,cell junction organization,12,0.47641109370807105,1.4800958839377842,0.09069212410501193,0.7917264466762316,1
GO:0043933,protein-containing complex subunit organization,66,-0.29868286313096204,-1.3292409819227147,0.09210526315789473,0.7917264466762316,1
GO:0016032,viral process,12,0.466032861149887,1.44785318536341,0.09307875894988067,0.7917264466762316,1
GO:0045861,negative regulation of proteolysis,20,-0.40982584929910687,-1.3858162112983317,0.09421487603305785,0.7917264466762316,1
GO:0060548,negative regulation of cell death,25,-0.37853418232922215,-1.3522297182450884,0.09719934102141681,0.7917264466762316,1
GO:0031647,regulation of protein stability,10,-0.5152773036242295,-1.4214643484554974,0.1,0.7917264466762316,1
GO:0010638,positive regulation of organelle organization,12,-0.4761603093531519,-1.386762838179648,0.10120068610634649,0.7917264466762316,1
GO:0016043,cellular component organization,111,-0.26771977622981424,-1.2712150649597538,0.10668563300142248,0.7917264466762316,1
GO:0003008,system process,35,-0.340360162990454,-1.331479623179554,0.10681114551083591,0.7917264466762316,1
GO:0030029,actin filament-based process,19,-0.4116232483278439,-1.3733486118072327,0.1077943615257048,0.7917264466762316,1
GO:0010876,lipid localization,13,-0.4622220378536135,-1.382751770642902,0.1097770154373928,0.7917264466762316,1
GO:0032101,regulation of response to external stimulus,17,-0.4278460937412027,-1.378786360713357,0.1097770154373928,0.7917264466762316,1
GO:0033554,cellular response to stress,15,0.4115553240223429,1.3734120940173995,0.11029411764705882,0.7917264466762316,1
GO:0031347,regulation of defense response,12,-0.4693445249002405,-1.3669126398185536,0.11320754716981132,0.7917264466762316,1
GO:0052548,regulation of endopeptidase activity,16,-0.42636625414113644,-1.361848363733829,0.11320754716981132,0.7917264466762316,1
GO:0007010,cytoskeleton organization,32,-0.3494457583138037,-1.332891929860467,0.11384615384615385,0.7917264466762316,1
GO:0006338,chromatin remodeling,24,-0.3778301212418234,-1.3288373977045023,0.11833333333333333,0.7917264466762316,1
GO:0050778,positive regulation of immune response,11,-0.4805345664823483,-1.3606753549850623,0.1195840554592721,0.7917264466762316,1
GO:0018193,peptidyl-amino acid modification,13,-0.4555813169271728,-1.3628858450327317,0.12006861063464837,0.7917264466762316,1
GO:0018149,peptide cross-linking,10,-0.499852510257581,-1.3789129034398377,0.12241379310344827,0.7917264466762316,1
GO:0006464,cellular protein modification process,43,-0.3135288812227232,-1.2972080589599548,0.12330827067669173,0.7917264466762316,1
GO:0036211,protein modification process,43,-0.3135288812227232,-1.2972080589599548,0.12330827067669173,0.7917264466762316,1
GO:0097435,supramolecular fiber organization,19,-0.401749629291535,-1.3404060580226411,0.12603648424543948,0.7917264466762316,1
GO:0019725,cellular homeostasis,13,-0.4519674035317396,-1.3520747093939156,0.1269296740994854,0.7917264466762316,1
GO:0050776,regulation of immune response,13,-0.4515628651029281,-1.3508645199548104,0.1269296740994854,0.7917264466762316,1
GO:0042060,wound healing,20,-0.39201979091046824,-1.3256054549087546,0.12892561983471074,0.7917264466762316,1
GO:0006950,response to stress,52,0.2849361145745863,1.3547309609355265,0.13259735426539493,0.7917264466762316,1
GO:0009888,tissue development,35,-0.330992386710618,-1.2948331392857961,0.1346749226006192,0.7917264466762316,1
GO:0051716,cellular response to stimulus,75,0.24088867542950695,1.212345685645443,0.13664596273291926,0.7917264466762316,1
GO:0030036,actin cytoskeleton organization,17,-0.40870518467234684,-1.317102440392802,0.137221269296741,0.7917264466762316,1
GO:0006793,phosphorus metabolic process,40,-0.31750882248314743,-1.287171498806173,0.13725490196078433,0.7917264466762316,1
GO:0006796,phosphate-containing compound metabolic process,40,-0.31750882248314743,-1.287171498806173,0.13725490196078433,0.7917264466762316,1
GO:0032268,regulation of cellular protein metabolic process,49,-0.3055353905977849,-1.287213135976944,0.13901345291479822,0.7922091955265007,1
GO:0072593,reactive oxygen species metabolic process,12,0.4319375597259382,1.3419271984044927,0.14081145584725538,0.7929026025684738,1
GO:0006396,RNA processing,19,0.3666093960718907,1.3189892446923397,0.14285714285714285,0.7949579831932773,1
GO:0042592,homeostatic process,30,-0.3500862463825126,-1.3113049431245751,0.14826498422712933,0.8017407202849144,1
GO:0009056,catabolic process,39,0.2819481514666673,1.2476430148033368,0.15,0.8017407202849144,1
GO:0051248,negative regulation of protein metabolic process,29,-0.3542931693601222,-1.3095656580339508,0.15286624203821655,0.8017407202849144,1
GO:0007548,sex differentiation,11,-0.46338643814841746,-1.312118940450921,0.15424610051993068,0.8017407202849144,1
GO:0044255,cellular lipid metabolic process,11,-0.4609969580835568,-1.3053529201429865,0.15424610051993068,0.8017407202849144,1
GO:0046903,secretion,11,-0.46041053736032533,-1.3036924189399315,0.15424610051993068,0.8017407202849144,1
GO:0051128,regulation of cellular component organization,40,0.27395765172664766,1.2104726738299412,0.15634218289085547,0.8038027446453765,1
GO:0006915,apoptotic process,29,-0.3487617426210582,-1.289119973149617,0.1624203821656051,0.815165876777251,1
GO:0012501,programmed cell death,29,-0.3487617426210582,-1.289119973149617,0.1624203821656051,0.815165876777251,1
GO:0071840,cellular component organization or biogenesis,118,-0.2527443150275938,-1.2038839216666348,0.16428571428571428,0.815165876777251,1
GO:0065003,protein-containing complex assembly,59,-0.28480118470347665,-1.2389923088919879,0.17037037037037037,0.815165876777251,1
GO:0006259,DNA metabolic process,11,0.42360990920206115,1.2757006609430288,0.17176470588235293,0.815165876777251,1
GO:0052547,regulation of peptidase activity,18,-0.3841921050382813,-1.2625512802106478,0.17546848381601363,0.815165876777251,1
GO:0006810,transport,65,0.2392964036495318,1.183812497894193,0.17665615141955837,0.815165876777251,1
GO:0051276,chromosome organization,33,-0.32260593387772385,-1.2372124674707334,0.17719568567026195,0.815165876777251,1
GO:0043066,negative regulation of apoptotic process,23,-0.3594709685997,-1.2611962056550743,0.18003273322422259,0.815165876777251,1
GO:0043069,negative regulation of programmed cell death,23,-0.3594709685997,-1.2611962056550743,0.18003273322422259,0.815165876777251,1
GO:0008219,cell death,33,-0.320811117523954,-1.2303292426552035,0.1802773497688752,0.815165876777251,1
GO:0022603,regulation of anatomical structure morphogenesis,17,-0.3855821207862769,-1.2425855391743428,0.18181818181818182,0.815165876777251,1
GO:0010562,positive regulation of phosphorus metabolic process,12,-0.43560841661289246,-1.2686600547989135,0.18524871355060035,0.815165876777251,1
GO:0045937,positive regulation of phosphate metabolic process,12,-0.43560841661289246,-1.2686600547989135,0.18524871355060035,0.815165876777251,1
GO:0044267,cellular protein metabolic process,88,-0.25656262126447843,-1.179464110955467,0.18759231905465287,0.815165876777251,1
GO:0071702,organic substance transport,32,-0.3221405366933701,-1.2287415469325256,0.18769230769230769,0.815165876777251,1
GO:0003006,developmental process involved in reproduction,19,-0.37212646948284733,-1.2415707138921208,0.1890547263681592,0.815165876777251,1
GO:0001503,ossification,10,0.44672473585225064,1.2802195723510534,0.1895734597156398,0.815165876777251,1
GO:0006325,chromatin organization,25,-0.3435377911894284,-1.2272128443676327,0.19604612850082373,0.8183757178014766,1
GO:0040008,regulation of growth,10,0.4440575448063016,1.2725759611825134,0.1966824644549763,0.8183757178014766,1
GO:0007017,microtubule-based process,15,0.3759402545788553,1.2545601092468177,0.19852941176470587,0.8183757178014766,1
GO:0007015,actin filament organization,13,-0.41530280654417023,-1.242391413807464,0.19897084048027444,0.8183757178014766,1
GO:0044283,small molecule biosynthetic process,13,-0.41768488598571746,-1.2495174794120094,0.19897084048027444,0.8183757178014766,1
GO:0009605,response to external stimulus,31,-0.32315433897194795,-1.224456594186482,0.20093457943925233,0.8193280696100548,1
GO:0031399,regulation of protein modification process,25,-0.3391038542921644,-1.2113735846093443,0.20757825370675453,0.8391838803700418,1
GO:0033036,macromolecule localization,39,-0.2915649065726637,-1.1734632743757054,0.21148036253776434,0.8477136566132419,1
GO:0051240,positive regulation of multicellular organismal process,23,-0.34949412141229047,-1.2261926506637577,0.2144026186579378,0.8510416666666667,1
GO:0044093,positive regulation of molecular function,28,-0.33095476935408175,-1.2078031417384287,0.2159090909090909,0.8510416666666667,1
GO:0044281,small molecule metabolic process,38,-0.290504666957466,-1.1578256481630185,0.22358346094946402,0.8570966315403449,1
GO:0080134,regulation of response to stress,20,-0.3507746683692216,-1.1861360691869927,0.228099173553719,0.8570966315403449,1
GO:0006165,nucleoside diphosphate phosphorylation,12,-0.41750840823291213,-1.2159458354508224,0.22984562607204118,0.8570966315403449,1
GO:0046939,nucleotide phosphorylation,12,-0.41750840823291213,-1.2159458354508224,0.22984562607204118,0.8570966315403449,1
GO:0033365,protein localization to organelle,15,0.3642286195174349,1.2154769039152307,0.23039215686274508,0.8570966315403449,1
GO:0034654,nucleobase-containing compound biosynthetic process,35,0.27374596807237334,1.1725356553958983,0.23314606741573032,0.8570966315403449,1
GO:0008283,cell population proliferation,28,0.2884904195381675,1.163239081592345,0.23834196891191708,0.8570966315403449,1
GO:0019637,organophosphate metabolic process,25,-0.33047157300004326,-1.1805366672466078,0.23887973640856672,0.8570966315403449,1
GO:1901701,cellular response to oxygen-containing compound,16,-0.3721813515132728,-1.188777394195029,0.241852487135506,0.8570966315403449,1
GO:1901698,response to nitrogen compound,19,0.32912465596586815,1.184126446385239,0.24310776942355888,0.8570966315403449,1
GO:0006954,inflammatory response,18,-0.3606669396674927,-1.1852417070399632,0.24361158432708688,0.8570966315403449,1
GO:0002684,positive regulation of immune system process,15,-0.3802264020906886,-1.2006807379271727,0.2441077441077441,0.8570966315403449,1
GO:0019318,hexose metabolic process,12,-0.41144921464402645,-1.1982991220785597,0.24528301886792453,0.8570966315403449,1
GO:0048585,negative regulation of response to stimulus,26,-0.3251599198850049,-1.174764109104664,0.24752475247524752,0.8570966315403449,1
GO:0006364,rRNA processing,12,0.3836912311947918,1.1920373381196332,0.25059665871121717,0.8570966315403449,1
GO:0016072,rRNA metabolic process,12,0.3836912311947918,1.1920373381196332,0.25059665871121717,0.8570966315403449,1
GO:0051094,positive regulation of developmental process,22,0.3091167024629391,1.1626914112223745,0.2512690355329949,0.8570966315403449,1
GO:0006518,peptide metabolic process,37,-0.285936326209038,-1.13117009472777,0.2515432098765432,0.8570966315403449,1
GO:0051246,regulation of protein metabolic process,52,-0.26884744443105607,-1.146815991177019,0.2518740629685157,0.8570966315403449,1
GO:0043254,regulation of protein-containing complex assembly,11,0.3920836838734597,1.1807594765772216,0.2611764705882353,0.859359483614697,1
GO:0006468,protein phosphorylation,16,-0.3647864205756072,-1.1651573855766852,0.2624356775300172,0.859359483614697,1
GO:0050896,response to stimulus,96,0.21309128908868225,1.1033550529859082,0.26421404682274247,0.859359483614697,1
GO:0019220,regulation of phosphate metabolic process,20,-0.340590517824419,-1.151698610087165,0.2644628099173554,0.859359483614697,1
GO:0051174,regulation of phosphorus metabolic process,20,-0.340590517824419,-1.151698610087165,0.2644628099173554,0.859359483614697,1
GO:0051234,establishment of localization,67,0.22086232681174234,1.0941251502541722,0.26461538461538464,0.859359483614697,1
GO:0009132,nucleoside diphosphate metabolic process,13,-0.3925532735115407,-1.1743354698973856,0.27101200686106347,0.859359483614697,1
GO:0009892,negative regulation of metabolic process,49,-0.2682744133374319,-1.1302335491113291,0.27204783258594917,0.859359483614697,1
GO:0051093,negative regulation of developmental process,17,-0.35742627996598086,-1.1518498987995993,0.274442538593482,0.859359483614697,1
GO:0006412,translation,33,-0.29440155436362475,-1.1290470361884137,0.275808936825886,0.859359483614697,1
GO:0043043,peptide biosynthetic process,33,-0.29440155436362475,-1.1290470361884137,0.275808936825886,0.859359483614697,1
GO:0043604,amide biosynthetic process,33,-0.29440155436362475,-1.1290470361884137,0.275808936825886,0.859359483614697,1
GO:0051050,positive regulation of transport,17,-0.3559044776338583,-1.146945704674827,0.27615780445969124,0.859359483614697,1
GO:0008406,gonad development,10,-0.4214894835351592,-1.1627375587477293,0.2896551724137931,0.8846013390139988,1
GO:0045137,development of primary sexual characteristics,10,-0.4214894835351592,-1.1627375587477293,0.2896551724137931,0.8846013390139988,1
GO:0042325,regulation of phosphorylation,17,-0.34758219541969537,-1.1201261324624043,0.28987993138936535,0.8846013390139988,1
GO:0018130,heterocycle biosynthetic process,36,0.2617963753659924,1.1288862464205514,0.2955801104972376,0.8879532289208324,1
GO:1901135,carbohydrate derivative metabolic process,25,0.28712114264182165,1.129863665624153,0.29620253164556964,0.8879532289208324,1
GO:0019438,aromatic compound biosynthetic process,37,0.25947785251950384,1.1234586156107726,0.2966101694915254,0.8879532289208324,1
GO:0043603,cellular amide metabolic process,39,-0.26893714906589294,-1.0823931839186525,0.31419939577039274,0.890956979806848,1
GO:0007166,cell surface receptor signaling pathway,24,0.27800724965438256,1.0871101507261982,0.31592039800995025,0.890956979806848,1
GO:0006357,regulation of transcription by RNA polymerase II,14,0.342881204813631,1.1255065127060624,0.31654676258992803,0.890956979806848,1
GO:0006366,transcription by RNA polymerase II,14,0.342881204813631,1.1255065127060624,0.31654676258992803,0.890956979806848,1
GO:0008015,blood circulation,11,-0.3937550787187625,-1.1149516993851971,0.3240901213171577,0.890956979806848,1
GO:1901699,cellular response to nitrogen compound,12,0.35818667998861314,1.1128007675181162,0.324582338902148,0.890956979806848,1
GO:0051129,negative regulation of cellular component organization,14,0.3411925540609836,1.1199635217426946,0.3261390887290168,0.890956979806848,1
GO:0006753,nucleoside phosphate metabolic process,19,-0.3285127793225976,-1.0960570649894137,0.32669983416252074,0.890956979806848,1
GO:0009117,nucleotide metabolic process,19,-0.3285127793225976,-1.0960570649894137,0.32669983416252074,0.890956979806848,1
GO:0055086,nucleobase-containing small molecule metabolic process,19,-0.3285127793225976,-1.0960570649894137,0.32669983416252074,0.890956979806848,1
GO:0048856,anatomical structure development,84,-0.23588864509132837,-1.080687604351306,0.3289665211062591,0.890956979806848,1
GO:0002520,immune system development,10,-0.40485728501004686,-1.116855318110322,0.3310344827586207,0.890956979806848,1
GO:0030097,hemopoiesis,10,-0.40485728501004686,-1.116855318110322,0.3310344827586207,0.890956979806848,1
GO:0048534,hematopoietic or lymphoid organ development,10,-0.40485728501004686,-1.116855318110322,0.3310344827586207,0.890956979806848,1
GO:0045859,regulation of protein kinase activity,10,-0.40397322317342665,-1.1144165101641017,0.33275862068965517,0.890956979806848,1
GO:0140694,non-membrane-bounded organelle assembly,17,-0.3360994636334475,-1.0831216249953222,0.3379073756432247,0.890956979806848,1
GO:1901576,organic substance biosynthetic process,86,-0.23319660826496577,-1.073914363237977,0.33819241982507287,0.890956979806848,1
GO:0061061,muscle structure development,10,0.38366097874094524,1.0994920466951013,0.33886255924170616,0.890956979806848,1
GO:0000003,reproduction,29,-0.29395725113406324,-1.0865473972035318,0.34076433121019106,0.890956979806848,1
GO:0022414,reproductive process,29,-0.29395725113406324,-1.0865473972035318,0.34076433121019106,0.890956979806848,1
GO:0062012,regulation of small molecule metabolic process,10,-0.40096510435990274,-1.106118194637166,0.3413793103448276,0.890956979806848,1
GO:1901362,organic cyclic compound biosynthetic process,38,0.25207017262071674,1.102062375819579,0.3438395415472779,0.890956979806848,1
GO:0065008,regulation of biological quality,68,-0.23825595834119168,-1.0632763580368074,0.3476968796433878,0.890956979806848,1
GO:0060249,anatomical structure homeostasis,10,-0.39936914582873717,-1.1017155203146043,0.3482758620689655,0.890956979806848,1
GO:0006351,"transcription, DNA-templated",25,0.27357940585400903,1.0765749519292431,0.3493670886075949,0.890956979806848,1
GO:0032774,RNA biosynthetic process,25,0.27357940585400903,1.0765749519292431,0.3493670886075949,0.890956979806848,1
GO:0097659,nucleic acid-templated transcription,25,0.27357940585400903,1.0765749519292431,0.3493670886075949,0.890956979806848,1
GO:0045597,positive regulation of cell differentiation,15,0.31923855405158724,1.065339373394364,0.35049019607843135,0.890956979806848,1
GO:0090304,nucleic acid metabolic process,47,0.22651733658838236,1.0537147087936936,0.3522388059701492,0.890956979806848,1
GO:0048513,animal organ development,49,-0.2510648292657459,-1.0577299918689675,0.3542600896860987,0.8913033107527909,1
GO:0019693,ribose phosphate metabolic process,18,0.29803674994757356,1.058103134762087,0.3614457831325301,0.9045706636068083,1
GO:0051239,regulation of multicellular organismal process,45,-0.25106532689333555,-1.047152556065686,0.363499245852187,0.9049218067793918,1
GO:0048468,cell development,35,0.246261523755339,1.0548115801980278,0.36797752808988765,0.9071961947626841,1
GO:0033043,regulation of organelle organization,23,-0.3006012295128422,-1.054652985062124,0.36824877250409166,0.9071961947626841,1
GO:0071705,nitrogen compound transport,28,-0.2894456242967303,-1.056317559859695,0.3717532467532468,0.9083282797655146,1
GO:0001775,cell activation,15,0.31413559564001703,1.0483101566921695,0.37254901960784315,0.9083282797655146,1
GO:0031401,positive regulation of protein modification process,14,-0.3489465450664849,-1.07267688215006,0.37948717948717947,0.9160401002506265,1
GO:0006952,defense response,27,-0.2872651465885711,-1.0509985926508745,0.38087520259319285,0.9160401002506265,1
GO:0051223,regulation of protein transport,11,-0.3770303756743169,-1.0675942503288105,0.3830155979202773,0.9160401002506265,1
GO:0006091,generation of precursor metabolites and energy,19,0.29298157701326966,1.0540906837470247,0.38345864661654133,0.9160401002506265,1
GO:0090407,organophosphate biosynthetic process,12,0.33607425830323817,1.0441027360224955,0.38902147971360385,0.9183434421231668,1
GO:0009058,biosynthetic process,88,-0.22477146957567193,-1.0333145187892911,0.39586410635155095,0.9183434421231668,1
GO:0005996,monosaccharide metabolic process,13,-0.354036773230833,-1.05911214733702,0.3979416809605489,0.9183434421231668,1
GO:0048519,negative regulation of biological process,82,-0.22603749637028597,-1.0305974934047621,0.39882697947214074,0.9183434421231668,1
GO:0030162,regulation of proteolysis,25,-0.28968896288285395,-1.0348498047056105,0.400329489291598,0.9183434421231668,1
GO:0042127,regulation of cell population proliferation,27,0.2611152544159456,1.0344407060588907,0.4051948051948052,0.9183434421231668,1
GO:0040011,locomotion,30,-0.2753900039554886,-1.0315180250736269,0.40536277602523657,0.9183434421231668,1
GO:0022618,ribonucleoprotein complex assembly,14,-0.34251832189656717,-1.0529162440662,0.40683760683760684,0.9183434421231668,1
GO:0034470,ncRNA processing,13,0.32095217897376627,1.0343310216415935,0.4081145584725537,0.9183434421231668,1
GO:0034660,ncRNA metabolic process,13,0.32095217897376627,1.0343310216415935,0.4081145584725537,0.9183434421231668,1
GO:0060341,regulation of cellular localization,17,0.2934846451334804,1.0274771558253366,0.4128878281622912,0.9183434421231668,1
GO:0044057,regulation of system process,10,0.35630983212389816,1.0211093863783733,0.4194312796208531,0.9183434421231668,1
GO:1901564,organonitrogen compound metabolic process,123,-0.213875355842214,-1.0211918467531107,0.42127659574468085,0.9183434421231668,1
GO:0006955,immune response,22,-0.2956007804285983,-1.0258871128535745,0.42269736842105265,0.9183434421231668,1
GO:0015031,protein transport,24,-0.2917588419105291,-1.0261226896558793,0.42333333333333334,0.9183434421231668,1
GO:0045087,innate immune response,14,-0.33985009256416554,-1.0447139908511796,0.4239316239316239,0.9183434421231668,1
GO:0022402,cell cycle process,14,0.3087073687765719,1.0133309997765474,0.4244604316546763,0.9183434421231668,1
GO:0002181,cytoplasmic translation,29,-0.27720565854811324,-1.024628872475673,0.4315286624203822,0.9183434421231668,1
GO:0009611,response to wounding,23,-0.2896231407935261,-1.0161365955687507,0.4337152209492635,0.9183434421231668,1
GO:0009890,negative regulation of biosynthetic process,14,-0.3359032384531268,-1.0325811893605572,0.4358974358974359,0.9183434421231668,1
GO:0005975,carbohydrate metabolic process,20,-0.30074119234105917,-1.0169490784053814,0.43636363636363634,0.9183434421231668,1
GO:0071495,cellular response to endogenous stimulus,21,-0.2974540395171786,-1.0105088771741633,0.44,0.9183434421231668,1
GO:0019219,regulation of nucleobase-containing compound metabolic process,29,0.24829471775544226,1.0038504389389653,0.446524064171123,0.9183434421231668,1
GO:0019538,protein metabolic process,103,-0.21231233967682328,-1.0039395385137853,0.4468390804597701,0.9183434421231668,1
GO:0006928,movement of cell or subcellular component,34,0.23831148876116148,1.0040816901084606,0.44692737430167595,0.9183434421231668,1
GO:0031324,negative regulation of cellular metabolic process,37,-0.25129174766063267,-0.9941154164433686,0.44753086419753085,0.9183434421231668,1
GO:0048523,negative regulation of cellular process,72,-0.22291995859297647,-1.0040465804715526,0.45,0.9183434421231668,1
GO:0032501,multicellular organismal process,112,-0.21344773761892485,-1.015311883133177,0.45092460881934565,0.9183434421231668,1
GO:0002682,regulation of immune system process,19,-0.29887091859482384,-0.9971593267123754,0.45107794361525705,0.9183434421231668,1
GO:0003013,circulatory system process,13,-0.33886584564496947,-1.0137278400913934,0.451114922813036,0.9183434421231668,1
GO:0032102,negative regulation of response to external stimulus,13,-0.335415016036097,-1.0034045747317124,0.4614065180102916,0.9183434421231668,1
GO:0051130,positive regulation of cellular component organization,23,-0.28304210705160665,-0.9930471794277784,0.46317512274959083,0.9183434421231668,1
GO:0008285,negative regulation of cell population proliferation,12,0.3147548734793756,0.9778684813155295,0.4701670644391408,0.9183434421231668,1
GO:0001816,cytokine production,14,-0.3204395336460065,-0.9850450870735141,0.4717948717948718,0.9183434421231668,1
GO:0001817,regulation of cytokine production,14,-0.3204395336460065,-0.9850450870735141,0.4717948717948718,0.9183434421231668,1
GO:0042981,regulation of apoptotic process,27,-0.2657726774224129,-0.9723654722933376,0.473257698541329,0.9183434421231668,1
GO:0043067,regulation of programmed cell death,27,-0.2657726774224129,-0.9723654722933376,0.473257698541329,0.9183434421231668,1
GO:0051338,regulation of transferase activity,17,-0.3049125970074869,-0.9826181332811472,0.4734133790737564,0.9183434421231668,1
GO:0051270,regulation of cellular component movement,19,-0.2938019958299948,-0.9802472643575019,0.47429519071310117,0.9183434421231668,1
GO:0031326,regulation of cellular biosynthetic process,43,-0.2370071008765264,-0.9806035095993656,0.47969924812030074,0.9183434421231668,1
GO:0034504,protein localization to nucleus,11,0.32103342263244977,0.9667917122346348,0.48470588235294115,0.9183434421231668,1
GO:0046907,intracellular transport,24,0.2521832499035161,0.9861288551074018,0.4900497512437811,0.9183434421231668,1
GO:0044249,cellular biosynthetic process,81,-0.21432048169933476,-0.9701702066049502,0.4918276374442793,0.9183434421231668,1
GO:0048731,system development,69,-0.21867565449167325,-0.9780648455472156,0.4933135215453195,0.9183434421231668,1
GO:0006006,glucose metabolic process,10,-0.34855353832356284,-0.9615335757467739,0.4982758620689655,0.9183434421231668,1
GO:0055082,cellular chemical homeostasis,10,-0.34898199891905596,-0.962715544090669,0.4982758620689655,0.9183434421231668,1
GO:0016070,RNA metabolic process,42,0.2142452950328911,0.9688027427066501,0.5,0.9183434421231668,1
GO:0019953,sexual reproduction,23,-0.27443892884469745,-0.9628631126771448,0.5008183306055647,0.9183434421231668,1
GO:1901700,response to oxygen-containing compound,24,0.24955178556261565,0.9758388659081154,0.5074626865671642,0.9183434421231668,1
GO:0098542,defense response to other organism,16,-0.3046804027760818,-0.9731738943978919,0.5077186963979416,0.9183434421231668,1
GO:0022604,regulation of cell morphogenesis,11,-0.33974012274673193,-0.9620036608501901,0.5077989601386482,0.9183434421231668,1
GO:0007283,spermatogenesis,13,-0.32181564137439767,-0.9627216175096329,0.5128644939965694,0.9183434421231668,1
GO:0048232,male gamete generation,13,-0.32181564137439767,-0.9627216175096329,0.5128644939965694,0.9183434421231668,1
GO:0001568,blood vessel development,11,-0.3377040612553392,-0.95623837592417,0.5147313691507799,0.9183434421231668,1
GO:0001944,vasculature development,11,-0.3377040612553392,-0.95623837592417,0.5147313691507799,0.9183434421231668,1
GO:0048545,response to steroid hormone,10,-0.34172715020749084,-0.942702031513277,0.5224137931034483,0.9183434421231668,1
GO:0010605,negative regulation of macromolecule metabolic process,44,-0.22999118969008153,-0.9531714419664802,0.5226586102719033,0.9183434421231668,1
GO:0070201,regulation of establishment of protein localization,14,-0.3080401782032245,-0.9469289282374963,0.5230769230769231,0.9183434421231668,1
GO:0044265,cellular macromolecule catabolic process,13,0.29403089162057433,0.947571920204834,0.5250596658711217,0.9183434421231668,1
GO:0034248,regulation of cellular amide metabolic process,10,-0.3392155428798028,-0.9357734122076775,0.5258620689655172,0.9183434421231668,1
GO:0002252,immune effector process,14,-0.3077391061871885,-0.9460034197433441,0.5264957264957265,0.9183434421231668,1
GO:0032502,developmental process,91,-0.20584849841989855,-0.9578838974643621,0.5274566473988439,0.9183434421231668,1
GO:0009889,regulation of biosynthetic process,45,-0.22707872236013393,-0.9471083382555939,0.5279034690799397,0.9183434421231668,1
GO:0032504,multicellular organism reproduction,18,-0.2855646079263633,-0.9384366742371166,0.5281090289608177,0.9183434421231668,1
GO:0048609,multicellular organismal reproductive process,18,-0.2855646079263633,-0.9384366742371166,0.5281090289608177,0.9183434421231668,1
GO:0010941,regulation of cell death,31,-0.2464165196468484,-0.9336911067261217,0.5295950155763239,0.9183434421231668,1
GO:0010243,response to organonitrogen compound,18,0.2685321552515832,0.9533546292734054,0.5301204819277109,0.9183434421231668,1
GO:0009968,negative regulation of signal transduction,18,0.2678706597719614,0.951006159023539,0.5349397590361445,0.9183434421231668,1
GO:0010648,negative regulation of cell communication,18,0.2678706597719614,0.951006159023539,0.5349397590361445,0.9183434421231668,1
GO:0023057,negative regulation of signaling,18,0.2678706597719614,0.951006159023539,0.5349397590361445,0.9183434421231668,1
GO:0006886,intracellular protein transport,12,-0.32685057961700054,-0.9519152028149495,0.5351629502572899,0.9183434421231668,1
GO:0045184,establishment of protein localization,27,-0.25758252290337985,-0.9424006785293892,0.539708265802269,0.9183434421231668,1
GO:1901565,organonitrogen compound catabolic process,16,0.2720245832671248,0.9309507635736983,0.5441527446300716,0.9183434421231668,1
GO:0010639,negative regulation of organelle organization,10,-0.33577100702221097,-0.926271179363139,0.5448275862068965,0.9183434421231668,1
GO:0071407,cellular response to organic cyclic compound,10,-0.3357492547544169,-0.9262111726969229,0.5448275862068965,0.9183434421231668,1
GO:0044703,multi-organism reproductive process,24,-0.26546868000787316,-0.9336595736577886,0.5466666666666666,0.9183434421231668,1
GO:0051704,multi-organism process,24,-0.26546868000787316,-0.9336595736577886,0.5466666666666666,0.9183434421231668,1
GO:0051179,localization,85,-0.2067875799594657,-0.9510020464226121,0.5492753623188406,0.9183434421231668,1
GO:0032879,regulation of localization,47,-0.22300128160979243,-0.9383142581995243,0.5502248875562219,0.9183434421231668,1
GO:0000226,microtubule cytoskeleton organization,12,0.2968707970591986,0.9223069122271472,0.5536992840095465,0.9183434421231668,1
GO:0031330,negative regulation of cellular catabolic process,10,-0.33284997856705456,-0.9182131147431284,0.5586206896551724,0.9183434421231668,1
GO:0010629,negative regulation of gene expression,17,-0.28807423847228975,-0.9283544636467704,0.5591766723842195,0.9183434421231668,1
GO:0043549,regulation of kinase activity,11,-0.3273901894606427,-0.9270337522729502,0.5597920277296361,0.9183434421231668,1
GO:1903047,mitotic cell cycle process,11,0.302939444411563,0.9123017216228625,0.56,0.9183434421231668,1
GO:0120036,plasma membrane bounded cell projection organization,18,0.2620195754853883,0.9302333830941637,0.563855421686747,0.9183434421231668,1
GO:2000026,regulation of multicellular organismal development,18,-0.27692043137096056,-0.9100297495937716,0.5689948892674617,0.9183434421231668,1
GO:0009893,positive regulation of metabolic process,49,-0.21926797600163814,-0.9237706259041542,0.5724962630792227,0.9183434421231668,1
GO:0048878,chemical homeostasis,19,-0.27244011326713796,-0.9089750223680932,0.5771144278606966,0.9183434421231668,1
GO:0031175,neuron projection development,14,0.2709332898246404,0.8893377004209283,0.580335731414868,0.9183434421231668,1
GO:0048666,neuron development,14,0.2709332898246404,0.8893377004209283,0.580335731414868,0.9183434421231668,1
GO:0051172,negative regulation of nitrogen compound metabolic process,35,-0.23524712071871803,-0.9202802845567409,0.5851393188854489,0.9183434421231668,1
GO:0031325,positive regulation of cellular metabolic process,40,-0.22607750842506597,-0.916511620338685,0.5852187028657617,0.9183434421231668,1
GO:0030334,regulation of cell migration,16,-0.2862329294954625,-0.9142511699603268,0.5883361921097771,0.9183434421231668,1
GO:0050877,nervous system process,17,-0.2814534035697589,-0.9070180134753537,0.5900514579759862,0.9183434421231668,1
GO:0032270,positive regulation of cellular protein metabolic process,20,-0.2683191425785937,-0.9073147001903716,0.5900826446280992,0.9183434421231668,1
GO:0051247,positive regulation of protein metabolic process,20,-0.2683191425785937,-0.9073147001903716,0.5900826446280992,0.9183434421231668,1
GO:0048522,positive regulation of cellular process,75,0.18568330340727646,0.9345078235032337,0.593167701863354,0.9183434421231668,1
GO:0048646,anatomical structure formation involved in morphogenesis,18,-0.2680757192320406,-0.8809638149021272,0.6013628620102215,0.9183434421231668,1
GO:0007267,cell-cell signaling,14,-0.2829258893688774,-0.8697265102020614,0.6034188034188034,0.9183434421231668,1
GO:0030163,protein catabolic process,14,0.2662109937027977,0.8738367777531215,0.60431654676259,0.9183434421231668,1
GO:0044403,biological process involved in symbiotic interaction,10,-0.32158590308370044,-0.8871395906323595,0.6051724137931035,0.9183434421231668,1
GO:0080090,regulation of primary metabolic process,75,-0.203975220671893,-0.9236378145791322,0.6073529411764705,0.9183434421231668,1
GO:0072359,circulatory system development,18,0.25366358028885966,0.9005675626439704,0.6096385542168675,0.9183434421231668,1
GO:0061024,membrane organization,10,0.3064918734122227,0.8783415459640976,0.6113744075829384,0.9183434421231668,1
GO:0051272,positive regulation of cellular component movement,10,-0.319457408519877,-0.8812678413488653,0.6137931034482759,0.9183434421231668,1
GO:0009607,response to biotic stimulus,19,-0.26311573094842583,-0.8778649537182196,0.615257048092869,0.9183434421231668,1
GO:0043207,response to external biotic stimulus,19,-0.26311573094842583,-0.8778649537182196,0.615257048092869,0.9183434421231668,1
GO:0051707,response to other organism,19,-0.26311573094842583,-0.8778649537182196,0.615257048092869,0.9183434421231668,1
GO:0051656,establishment of organelle localization,10,0.3042301183447639,0.8718598294329972,0.6161137440758294,0.9183434421231668,1
GO:0097190,apoptotic signaling pathway,11,-0.31454388827175284,-0.890658334873961,0.6204506065857885,0.9183434421231668,1
GO:2001233,regulation of apoptotic signaling pathway,11,-0.31454388827175284,-0.890658334873961,0.6204506065857885,0.9183434421231668,1
GO:0031327,negative regulation of cellular biosynthetic process,11,0.28780406411273823,0.8667215445981913,0.6235294117647059,0.9183434421231668,1
GO:0009057,macromolecule catabolic process,16,0.2559877937898741,0.8760679980904895,0.6252983293556086,0.9183434421231668,1
GO:0006139,nucleobase-containing compound metabolic process,61,0.18567559080178936,0.9120597091289603,0.6275659824046921,0.9183434421231668,1
GO:1903827,regulation of cellular protein localization,13,0.27248871481328163,0.8781480520861754,0.6276849642004774,0.9183434421231668,1
GO:0048518,positive regulation of biological process,87,0.17435093791904233,0.908442905338583,0.6282051282051282,0.9183434421231668,1
GO:0009895,negative regulation of catabolic process,11,-0.31177444804027177,-0.8828164243582086,0.6291161178509532,0.9183434421231668,1
GO:0010035,response to inorganic substance,11,-0.31093436431335864,-0.880437654331939,0.6291161178509532,0.9183434421231668,1
GO:0022613,ribonucleoprotein complex biogenesis,24,0.2279539371904245,0.8913833697710773,0.6318407960199005,0.9183434421231668,1
GO:0050878,regulation of body fluid levels,15,0.2619257692300233,0.8740793720743969,0.6323529411764706,0.9183434421231668,1
GO:0007275,multicellular organism development,71,-0.2012002840951472,-0.9043162342820709,0.6344725111441307,0.9183434421231668,1
GO:0030030,cell projection organization,19,0.24483942192122576,0.8808845808399827,0.6390977443609023,0.9183434421231668,1
GO:0010033,response to organic substance,45,0.19486650141563316,0.9017020964529753,0.6430678466076696,0.9183434421231668,1
GO:0006725,cellular aromatic compound metabolic process,64,0.18153349455946688,0.8980237869835549,0.6443768996960486,0.9183434421231668,1
GO:0033993,response to lipid,13,-0.2849906862890538,-0.8525586056278174,0.6449399656946827,0.9183434421231668,1
GO:0048870,cell motility,29,-0.2356994069720566,-0.8712102735343201,0.6512738853503185,0.9183434421231668,1
GO:0051674,localization of cell,29,-0.2356994069720566,-0.8712102735343201,0.6512738853503185,0.9183434421231668,1
GO:0006090,pyruvate metabolic process,11,-0.30501523909342765,-0.8636771372503307,0.6533795493934142,0.9183434421231668,1
GO:0006096,glycolytic process,11,-0.30501523909342765,-0.8636771372503307,0.6533795493934142,0.9183434421231668,1
GO:0006757,ATP generation from ADP,11,-0.30501523909342765,-0.8636771372503307,0.6533795493934142,0.9183434421231668,1
GO:0060429,epithelium development,13,-0.2821080047841397,-0.8439349731986301,0.6535162950257289,0.9183434421231668,1
GO:0044271,cellular nitrogen compound biosynthetic process,68,-0.19736009186022424,-0.8807684019991565,0.6537890044576523,0.9183434421231668,1
GO:0009790,embryo development,12,0.2744661748441697,0.8527010832286199,0.6539379474940334,0.9183434421231668,1
GO:0051726,regulation of cell cycle,15,-0.2691551524771214,-0.8499394185047965,0.6582491582491582,0.9183434421231668,1
GO:0008284,positive regulation of cell population proliferation,14,0.2583594256754512,0.8480640295660741,0.6594724220623501,0.9183434421231668,1
GO:0046483,heterocycle metabolic process,64,0.18049524722171922,0.8928877055770225,0.6595744680851063,0.9183434421231668,1
GO:0006811,ion transport,13,-0.2800880939900711,-0.8378923464991138,0.660377358490566,0.9183434421231668,1
GO:0010556,regulation of macromolecule biosynthetic process,35,-0.22144883503815305,-0.866301769394854,0.6702786377708978,0.9183434421231668,1
GO:2000112,regulation of cellular macromolecule biosynthetic process,35,-0.22144883503815305,-0.866301769394854,0.6702786377708978,0.9183434421231668,1
GO:0051641,cellular localization,37,-0.22133550833690285,-0.87560790631771,0.6728395061728395,0.9183434421231668,1
GO:0009725,response to hormone,15,-0.2628069955512929,-0.8298931784218595,0.6750841750841751,0.9183434421231668,1
GO:0010558,negative regulation of macromolecule biosynthetic process,10,0.28953972588437876,0.8297602400350116,0.6777251184834123,0.9183434421231668,1
GO:2000113,negative regulation of cellular macromolecule biosynthetic process,10,0.28953972588437876,0.8297602400350116,0.6777251184834123,0.9183434421231668,1
GO:0007596,blood coagulation,13,0.26175938159853435,0.843570682270438,0.6778042959427207,0.9183434421231668,1
GO:0050817,coagulation,13,0.26175938159853435,0.843570682270438,0.6778042959427207,0.9183434421231668,1
GO:0051252,regulation of RNA metabolic process,24,0.21952624741545246,0.8584280165817866,0.6791044776119403,0.9183434421231668,1
GO:0006355,"regulation of transcription, DNA-templated",23,0.2234307327838831,0.8500410859957916,0.680306905370844,0.9183434421231668,1
GO:1903506,regulation of nucleic acid-templated transcription,23,0.2234307327838831,0.8500410859957916,0.680306905370844,0.9183434421231668,1
GO:2001141,regulation of RNA biosynthetic process,23,0.2234307327838831,0.8500410859957916,0.680306905370844,0.9183434421231668,1
GO:0034641,cellular nitrogen compound metabolic process,84,0.1721375664312734,0.8894666234047083,0.6857142857142857,0.9183434421231668,1
GO:0044257,cellular protein catabolic process,10,0.2870464268377851,0.8226149669328094,0.6895734597156398,0.9183434421231668,1
GO:0051603,proteolysis involved in cellular protein catabolic process,10,0.2870464268377851,0.8226149669328094,0.6895734597156398,0.9183434421231668,1
GO:0022607,cellular component assembly,73,-0.1939623628762802,-0.8713821615593612,0.6899109792284867,0.9183434421231668,1
GO:0007276,gamete generation,16,-0.25733305871147055,-0.821942640950265,0.6963979416809606,0.9183434421231668,1
GO:0040012,regulation of locomotion,17,-0.2597761423256544,-0.8371603880857188,0.6963979416809606,0.9183434421231668,1
GO:2000145,regulation of cell motility,17,-0.2597761423256544,-0.8371603880857188,0.6963979416809606,0.9183434421231668,1
GO:0022411,cellular component disassembly,14,-0.2609034000158616,-0.8020284184732123,0.7025641025641025,0.9183434421231668,1
GO:0008104,protein localization,31,-0.21971222841802407,-0.832506497563103,0.7087227414330218,0.9183434421231668,1
GO:0031323,regulation of cellular metabolic process,79,-0.19081970585423993,-0.8634405384856522,0.7090103397341211,0.9183434421231668,1
GO:0006629,lipid metabolic process,16,-0.2531658631060778,-0.808632280523184,0.7118353344768439,0.9183434421231668,1
GO:0051254,positive regulation of RNA metabolic process,12,-0.2798345546019945,-0.8149863681157549,0.7135506003430532,0.9183434421231668,1
GO:1901360,organic cyclic compound metabolic process,67,0.17413829616531573,0.8626599755932299,0.7138461538461538,0.9183434421231668,1
GO:0031344,regulation of cell projection organization,13,-0.26504391269199407,-0.7928872047616335,0.7186963979416809,0.9183434421231668,1
GO:0120035,regulation of plasma membrane bounded cell projection organization,13,-0.26504391269199407,-0.7928872047616335,0.7186963979416809,0.9183434421231668,1
GO:0051649,establishment of localization in cell,30,-0.22072020340118803,-0.8267434003996825,0.7192429022082019,0.9183434421231668,1
GO:0009135,purine nucleoside diphosphate metabolic process,12,-0.27627331242233244,-0.8046146546077093,0.7204116638078902,0.9183434421231668,1
GO:0009179,purine ribonucleoside diphosphate metabolic process,12,-0.27627331242233244,-0.8046146546077093,0.7204116638078902,0.9183434421231668,1
GO:0009185,ribonucleoside diphosphate metabolic process,12,-0.27627331242233244,-0.8046146546077093,0.7204116638078902,0.9183434421231668,1
GO:0031329,regulation of cellular catabolic process,16,-0.25139402488572266,-0.802972885677191,0.7204116638078902,0.9183434421231668,1
GO:0046031,ADP metabolic process,12,-0.27627331242233244,-0.8046146546077093,0.7204116638078902,0.9183434421231668,1
GO:0045893,"positive regulation of transcription, DNA-templated",11,-0.2881454144533737,-0.8159087637935082,0.7209705372616985,0.9183434421231668,1
GO:1902680,positive regulation of RNA biosynthetic process,11,-0.2881454144533737,-0.8159087637935082,0.7209705372616985,0.9183434421231668,1
GO:1903508,positive regulation of nucleic acid-templated transcription,11,-0.2881454144533737,-0.8159087637935082,0.7209705372616985,0.9183434421231668,1
GO:0009891,positive regulation of biosynthetic process,24,-0.23132547800018394,-0.8135771314319657,0.725,0.9183434421231668,1
GO:0031328,positive regulation of cellular biosynthetic process,24,-0.23132547800018394,-0.8135771314319657,0.725,0.9183434421231668,1
GO:0046034,ATP metabolic process,17,-0.2519637468756567,-0.8119839883276518,0.7289879931389366,0.9183434421231668,1
GO:0009059,macromolecule biosynthetic process,62,-0.19096743783398196,-0.8349175380171113,0.7300150829562594,0.9183434421231668,1
GO:0034645,cellular macromolecule biosynthetic process,62,-0.19096743783398196,-0.8349175380171113,0.7300150829562594,0.9183434421231668,1
GO:0014070,response to organic cyclic compound,17,0.22892430708560257,0.8014541811433523,0.7350835322195705,0.9184649122807017,1
GO:0042273,ribosomal large subunit biogenesis,10,-0.2826746811490644,-0.7797975549053975,0.7362068965517241,0.9184649122807017,1
GO:0008152,metabolic process,164,0.1708393436815987,0.8770134541298904,0.7466216216216216,0.9184649122807017,1
GO:0044260,cellular macromolecule metabolic process,108,-0.18134998107900918,-0.8558698801269982,0.7471098265895953,0.9184649122807017,1
GO:0055085,transmembrane transport,13,-0.2575148698827603,-0.7703638362869106,0.7495711835334476,0.9184649122807017,1
GO:0035295,tube development,12,-0.2616339983906296,-0.7619793146248662,0.758147512864494,0.9184649122807017,1
GO:0016052,carbohydrate catabolic process,12,-0.2609503979926514,-0.7599884060811264,0.7598627787307033,0.9184649122807017,1
GO:0007165,signal transduction,51,0.17774321738947535,0.8407363675065699,0.7692307692307693,0.9184649122807017,1
GO:0048583,regulation of response to stimulus,47,-0.19299122032164956,-0.8120420314534089,0.7706146926536732,0.9184649122807017,1
GO:0048699,generation of neurons,19,0.21738920034687698,0.7821240269400284,0.7719298245614035,0.9184649122807017,1
GO:0000278,mitotic cell cycle,13,-0.251899290990582,-0.7535646553296331,0.7753001715265866,0.9184649122807017,1
GO:0006163,purine nucleotide metabolic process,17,-0.24101531183139085,-0.7767013174536694,0.7753001715265866,0.9184649122807017,1
GO:0009150,purine ribonucleotide metabolic process,17,-0.24101531183139085,-0.7767013174536694,0.7753001715265866,0.9184649122807017,1
GO:0009259,ribonucleotide metabolic process,17,-0.24101531183139085,-0.7767013174536694,0.7753001715265866,0.9184649122807017,1
GO:0009894,regulation of catabolic process,17,-0.24001933550081955,-0.7734916619250257,0.7753001715265866,0.9184649122807017,1
GO:0072521,purine-containing compound metabolic process,17,-0.24101531183139085,-0.7767013174536694,0.7753001715265866,0.9184649122807017,1
GO:0010608,posttranscriptional regulation of gene expression,10,-0.26987542139190024,-0.7444890107419659,0.7810344827586206,0.9184649122807017,1
GO:0009987,cellular process,214,-0.20541835831749314,-0.8042030033566339,0.7829457364341085,0.9184649122807017,1
GO:0016477,cell migration,24,-0.21925558433620856,-0.7711270323390412,0.7833333333333333,0.9184649122807017,1
GO:0071310,cellular response to organic substance,36,-0.20267353349847253,-0.7984113112547351,0.7875,0.9184649122807017,1
GO:0051493,regulation of cytoskeleton organization,11,0.24912134925558144,0.7502286018261491,0.788235294117647,0.9184649122807017,1
GO:0001525,angiogenesis,10,-0.26675391403241516,-0.7358778970877435,0.7896551724137931,0.9184649122807017,1
GO:0035239,tube morphogenesis,10,-0.26675391403241516,-0.7358778970877435,0.7896551724137931,0.9184649122807017,1
GO:0048514,blood vessel morphogenesis,10,-0.26675391403241516,-0.7358778970877435,0.7896551724137931,0.9184649122807017,1
GO:0071826,ribonucleoprotein complex subunit organization,15,-0.23264755183039784,-0.7346555438358207,0.7912457912457912,0.9184649122807017,1
GO:0050789,regulation of biological process,133,0.15833443664761088,0.847884898771623,0.7929824561403509,0.9184649122807017,1
GO:0019222,regulation of metabolic process,88,-0.17811662204353718,-0.8188338668726324,0.7961595273264401,0.9184649122807017,1
GO:0050794,regulation of cellular process,123,0.15940923702270504,0.8444276028877551,0.797979797979798,0.9184649122807017,1
GO:0006897,endocytosis,10,0.25554474083944423,0.7323377296533597,0.8009478672985783,0.9184649122807017,1
GO:0010467,gene expression,84,-0.17536614483616778,-0.8034130632864839,0.8020378457059679,0.9184649122807017,1
GO:0051049,regulation of transport,23,-0.216416533250576,-0.7592927786070995,0.8036006546644845,0.9184649122807017,1
GO:0050801,ion homeostasis,10,-0.26113303057781745,-0.7203719056898366,0.8051724137931034,0.9184649122807017,1
GO:0098771,inorganic ion homeostasis,10,-0.26113303057781745,-0.7203719056898366,0.8051724137931034,0.9184649122807017,1
GO:0032989,cellular component morphogenesis,10,-0.26052479135835843,-0.7186939929238129,0.8068965517241379,0.9184649122807017,1
GO:0010468,regulation of gene expression,49,0.17431202821395983,0.8150745586518654,0.8078078078078078,0.9184649122807017,1
GO:0065007,biological regulation,142,0.1589808133622902,0.8474484453851072,0.8087248322147651,0.9184649122807017,1
GO:0000902,cell morphogenesis,15,-0.22762449462031756,-0.7187937099271614,0.8097643097643098,0.9184649122807017,1
GO:0008150,biological_process,223,0.20504943125405392,0.7734540754561361,0.8104738154613467,0.9184649122807017,1
GO:0007049,cell cycle,23,0.20190157592808267,0.7681335182845048,0.8107416879795396,0.9184649122807017,1
GO:0034097,response to cytokine,17,-0.22836396738311082,-0.7359308127671724,0.8113207547169812,0.9184649122807017,1
GO:0034613,cellular protein localization,21,-0.21988613105235294,-0.7469956963991802,0.8116666666666666,0.9184649122807017,1
GO:0070727,cellular macromolecule localization,21,-0.21988613105235294,-0.7469956963991802,0.8116666666666666,0.9184649122807017,1
GO:0044085,cellular component biogenesis,82,0.15955397084294895,0.8175313926377499,0.815625,0.9207413484486874,1
GO:0042254,ribosome biogenesis,20,0.20115187324087327,0.7341422768027336,0.8236775818639799,0.9260538149483459,1
GO:0016192,vesicle-mediated transport,23,-0.2104642119203376,-0.7384091865168128,0.8265139116202946,0.9260538149483459,1
GO:0010604,positive regulation of macromolecule metabolic process,43,-0.18630819403700835,-0.7708396426273671,0.8270676691729323,0.9260538149483459,1
GO:0051640,organelle localization,12,0.23383920562519545,0.7264827589451859,0.8281622911694511,0.9260538149483459,1
GO:0060284,regulation of cell development,13,-0.23567765671986685,-0.7050371259744518,0.8353344768439108,0.9294432103888496,1
GO:0007417,central nervous system development,11,-0.25063212057604095,-0.7096866144966298,0.8370883882149047,0.9294432103888496,1
GO:0042176,regulation of protein catabolic process,11,-0.24993027116499147,-0.7076992669401021,0.8370883882149047,0.9294432103888496,1
GO:0010628,positive regulation of gene expression,26,-0.20278935571925186,-0.7326538181325892,0.8399339933993399,0.9304186858966926,1
GO:0071417,cellular response to organonitrogen compound,11,0.23543665274249026,0.7090171570338416,0.8447058823529412,0.9311750599520384,1
GO:1902533,positive regulation of intracellular signal transduction,17,-0.21818181818181817,-0.7031175917354462,0.8456260720411664,0.9311750599520384,1
GO:0009628,response to abiotic stimulus,14,0.2210745276693124,0.7256764651782862,0.8465227817745803,0.9311750599520384,1
GO:0007599,hemostasis,14,0.2199606687258127,0.7220202265815215,0.8489208633093526,0.9316044560185185,1
GO:0044237,cellular metabolic process,149,-0.1676939412284787,-0.794234630636019,0.8508522727272727,0.9316044560185185,1
GO:0030182,neuron differentiation,16,0.20709525351076152,0.7087428719595144,0.8544152744630071,0.9321913962899717,1
GO:0045595,regulation of cell differentiation,22,0.19110845325918602,0.7188228764283238,0.8553299492385786,0.9321913962899717,1
GO:0007154,cell communication,54,0.1611435928007714,0.7754585230693396,0.8724035608308606,0.9448539507336114,1
GO:0023052,signaling,54,0.1611435928007714,0.7754585230693396,0.8724035608308606,0.9448539507336114,1
GO:0000904,cell morphogenesis involved in differentiation,11,0.224095339733422,0.6748628084519511,0.8729411764705882,0.9448539507336114,1
GO:0044419,biological process involved in interspecies interaction between organisms,24,-0.20026087236419476,-0.7043221848481171,0.875,0.944920091324201,1
GO:0070925,organelle assembly,23,-0.19921330467927853,-0.6989356190744245,0.8805237315875614,0.9487191914371674,1
GO:0002376,immune system process,31,-0.18503014773355284,-0.7010934318146811,0.8940809968847352,0.9608713316873456,1
GO:0009653,anatomical structure morphogenesis,38,-0.1786676825085699,-0.712091917396141,0.8958652373660031,0.9608713316873456,1
GO:0010557,positive regulation of macromolecule biosynthetic process,17,-0.20492494205406886,-0.6603956871580877,0.8987993138936535,0.9618372748228464,1
GO:0031346,positive regulation of cell projection organization,10,0.22510220998169872,0.6450958092756248,0.9028436018957346,0.9629744651483781,1
GO:0009719,response to endogenous stimulus,27,-0.18175165633828239,-0.6649631439524588,0.9059967585089141,0.9629744651483781,1
GO:0044238,primary metabolic process,146,-0.15763800452658133,-0.7479930040315992,0.9102384291725105,0.9629744651483781,1
GO:0071704,organic substance metabolic process,155,-0.15469281054276612,-0.7299542438526222,0.9135977337110481,0.9629744651483781,1
GO:0032880,regulation of protein localization,20,-0.19557054841807175,-0.6613170860593146,0.9140495867768595,0.9629744651483781,1
GO:0048584,positive regulation of response to stimulus,33,-0.17851967892569798,-0.6846333227691349,0.9152542372881356,0.9629744651483781,1
GO:0030155,regulation of cell adhesion,10,-0.22158856220282813,-0.6112829712882826,0.9155172413793103,0.9629744651483781,1
GO:0051173,positive regulation of nitrogen compound metabolic process,34,-0.17480971709487592,-0.6776322128572857,0.9161490683229814,0.9629744651483781,1
GO:0006807,nitrogen compound metabolic process,143,-0.15474473380879286,-0.7325857470325512,0.9263456090651558,0.9690804433804381,1
GO:0051171,regulation of nitrogen compound metabolic process,74,-0.15180257223031712,-0.6886113189510545,0.927007299270073,0.9690804433804381,1
GO:0007399,nervous system development,28,-0.17940595169981885,-0.6547331906789503,0.9285714285714286,0.9690804433804381,1
GO:0045935,positive regulation of nucleobase-containing compound metabolic process,18,-0.1888312924659458,-0.6205468225927125,0.9301533219761499,0.9690804433804381,1
GO:0050793,regulation of developmental process,39,-0.16595358173884583,-0.6679145158819351,0.9365558912386707,0.9736064539689918,1
GO:1901575,organic substance catabolic process,30,-0.1694444868253558,-0.6346818689829996,0.9416403785488959,0.9756890468693789,1
GO:0006508,proteolysis,40,-0.16237951452729954,-0.6582818123128426,0.942684766214178,0.9756890468693789,1
GO:0090066,regulation of anatomical structure size,15,-0.1812547722599772,-0.5723671804832319,0.9461279461279462,0.9764140155755364,1
GO:0009966,regulation of signal transduction,36,0.15599427866245463,0.6726594111784462,0.9475138121546961,0.9764140155755364,1
GO:0060255,regulation of macromolecule metabolic process,80,-0.1541200589470014,-0.6955980944450194,0.9505247376311844,0.9773873932598918,1
GO:0032984,protein-containing complex disassembly,11,-0.19838012567760832,-0.5617305533384068,0.9549393414211439,0.979796764625165,1
GO:0035556,intracellular signal transduction,26,-0.16605125987458658,-0.5999234482566731,0.9653465346534653,0.988174605270106,1
GO:0010646,regulation of cell communication,38,-0.15076282872588348,-0.6008752689470348,0.9693721286370597,0.988174605270106,1
GO:0023051,regulation of signaling,38,-0.15076282872588348,-0.6008752689470348,0.9693721286370597,0.988174605270106,1
GO:0071345,cellular response to cytokine stimulus,15,-0.1595692879016657,-0.5038886550087295,0.9764309764309764,0.9932297889287136,1
GO:1902531,regulation of intracellular signal transduction,21,-0.14895606954501345,-0.5060325649923312,0.9866666666666667,1,1
GO:0009967,positive regulation of signal transduction,23,0.1336875404056952,0.5086135672324157,0.989769820971867,1,1
GO:0022008,neurogenesis,21,0.13744171612154304,0.5092629789445108,0.9925373134328358,1,1
GO:0010647,positive regulation of cell communication,24,-0.12339973459270445,-0.43399976067192464,0.9966666666666667,1,1
GO:0023056,positive regulation of signaling,24,-0.12339973459270445,-0.43399976067192464,0.9966666666666667,1,1
GO:0030154,cell differentiation,61,-0.11434020048575168,-0.4981513233550419,0.9969742813918305,1,1
GO:0048869,cellular developmental process,62,-0.10950802527100384,-0.4787736165359625,0.9984917043740573,1,1
GO:0043170,macromolecule metabolic process,129,-0.11719726341238879,-0.5530483504218388,1,1,1
